{
  "orientation" : 0,
  "updateDelay" : 0.3,
  "designModeSelected" : 0,
  "cachedDeviceHeight" : 2252.800048828125,
  "contentScale" : 1,
  "cachedDeviceWidth" : 1689.599975585938,
  "fullScreen" : false,
  "deviceType" : "custom",
  "sharedPrototype" : true,
  "propertyPanelToggleStates" : {
    "Filters" : false
  },
  "projectId" : "2AF88988-6357-4623-B18D-FDA5A1BCD01A",
  "deviceOrientation" : 0,
  "selectedHand" : "",
  "showBezel" : 0,
  "foldedCodeRanges" : [
    "{0, 993}",
    "{1807, 300}",
    "{2108, 176}",
    "{2285, 221}",
    "{2507, 299}",
    "{2808, 330}",
    "{3139, 816}",
    "{3956, 1057}",
    "{5018, 105}",
    "{5124, 131}",
    "{6667, 196}",
    "{6866, 124}"
  ],
  "deviceScale" : "fit"
}